Position,Firmware 1, Firmware 2, Firmware 3, Firmware 4
0,0.2376237623762376,0.25742574257425743,0.27722772277227725,0.21782178217821782
1,0.28,0.14,0.32,0.26
2,0.27,0.27,0.26,0.2
3,0.21,0.33,0.14,0.32
